team_code,season,season_year,roster_n,roster_known,roster_known_rapm,roster_pir40_top9,roster_rapm_top9,roster_rapm_all,continuity,roster_top9_rel,season_net,carry_net,carry_net_f,continuity_f,pir_f,rapm_f,rapm_all_f,prior_net,prior_src
ASV,2020-2021,2020,16,10,0,12.308680266835655,-2.0,-2.0,0.48834666666666665,-4.590041463744484,-5.934374999999999,,0.7840221022527528,0.48834666666666665,-4.590041463744484,-2.0,-2.0,-4.183318180871517,roster
ASV,2021-2022,2021,16,13,11,15.021216537860925,-0.6865795931877888,-0.8416925511920832,0.43801946472019465,-1.8289639357190826,-10.360000000000001,-5.934374999999999,-5.934374999999999,0.43801946472019465,-1.8289639357190826,-0.6865795931877888,-0.8416925511920832,-4.5565977790248,roster
ASV,2022-2023,2022,15,9,8,15.864969593162902,-1.150133993499858,-1.2925139577317462,0.2766848958333334,-0.46217858454393657,-10.9375,-10.360000000000001,-10.360000000000001,0.2766848958333334,-0.46217858454393657,-1.150133993499858,-1.2925139577317462,-5.848873147100372,roster
ASV,2023-2024,2023,14,7,7,16.894932624580047,-1.293953996096576,-1.3578815569121214,0.38315196078431374,-0.2114696989456526,-8.890625,-10.9375,-10.9375,0.38315196078431374,-0.2114696989456526,-1.293953996096576,-1.3578815569121214,-5.539624701312397,roster
ASV,2024-2025,2024,15,8,8,16.26724763170432,-0.6921231222388072,-0.8370955573922758,0.5774038929440388,-1.110430270917405,-5.89375,-8.890625,-8.890625,0.5774038929440388,-1.110430270917405,-0.6921231222388072,-0.8370955573922758,-4.618441503251084,roster
ASV,2025-2026,2025,15,8,10,12.29771089564861,-1.655854771001045,-1.699271327683219,0.4174847374847376,-5.654192609816896,-11.1,-5.89375,-5.89375,0.4174847374847376,-5.654192609816896,-1.655854771001045,-1.699271327683219,-7.417584140442862,roster
ASV,2026-2027,2026,15,8,8,11.717405061564998,-1.8141120596148372,-1.8186578861918004,0.20076632504916536,-6.594419575668715,,-11.1,-11.1,0.20076632504916536,-6.594419575668715,-1.8141120596148372,-1.8186578861918004,-10.673528457914399,roster
BAR,2020-2021,2020,25,13,0,19.84037900382601,-2.0,-2.0,0.7930833333333335,2.9416572732458697,7.794871794871795,,0.7840221022527528,0.7930833333333335,2.9416572732458697,-2.0,-2.0,1.98692363882865,roster
BAR,2021-2022,2021,19,14,13,18.393106478658297,0.6579476467151133,0.2937771937773002,0.8168980796422348,1.5429260050782894,7.0675675675675675,7.794871794871795,7.794871794871795,0.8168980796422348,1.5429260050782894,0.6579476467151133,0.2937771937773002,4.161613867996597,roster
BAR,2022-2023,2022,18,17,14,20.054934341378043,1.057171143966085,0.5394471180017191,0.5849008438818565,3.7277861636712046,6.043243243243243,7.0675675675675675,7.0675675675675675,0.5849008438818565,3.7277861636712046,1.057171143966085,0.5394471180017191,4.660646366811349,roster
BAR,2023-2024,2023,17,11,10,17.365259014287926,0.6502886434065727,0.3540837619393547,0.6516029723991508,0.25885669076222584,2.7972972972972974,6.043243243243243,6.043243243243243,0.6516029723991508,0.25885669076222584,0.6502886434065727,0.3540837619393547,2.096717868112071,roster
BAR,2024-2025,2024,16,13,12,20.921696682168616,-0.6205801714934507,-0.9116236294408174,0.6822364217252396,3.5440187795468923,3.224324324324324,2.7972972972972974,2.7972972972972974,0.6822364217252396,3.5440187795468923,-0.6205801714934507,-0.9116236294408174,3.013736445083863,roster
BAR,2025-2026,2025,20,12,13,21.303411284126184,0.4928330042907707,0.039526538679310115,0.6194518518518518,3.351507778660679,0.9100000000000001,3.224324324324324,3.224324324324324,0.6194518518518518,3.351507778660679,0.4928330042907707,0.039526538679310115,3.0565069115240386,roster
BAR,2026-2027,2026,15,9,11,20.34855901582579,-1.05967632603421,-1.140829013261773,0.2965267489711934,2.036734378592076,,0.9100000000000001,0.9100000000000001,0.2965267489711934,2.036734378592076,-1.05967632603421,-1.140829013261773,-0.11711899755437516,roster
BAS,2020-2021,2020,13,9,0,17.4925043546183,-2.0,-2.0,0.37100595238095235,0.5937826240381625,4.740625,,0.7840221022527528,0.37100595238095235,0.5937826240381625,-2.0,-2.0,-1.0833280850623062,roster
BAS,2021-2022,2021,17,11,11,18.063977042119554,0.5074015941692686,0.21472929087396508,0.3531233211233212,1.2137965685395464,-7.443333333333333,4.740625,4.740625,0.3531233211233212,1.2137965685395464,0.5074015941692686,0.21472929087396508,1.2092810285397728,roster
BAS,2022-2023,2022,13,9,9,16.19255301434971,-0.9710510645865585,-1.0450585681878373,0.4988671875,-0.13459516335712962,3.8656250000000005,-7.443333333333333,-7.443333333333333,0.4988671875,-0.13459516335712962,-0.9710510645865585,-1.0450585681878373,-3.7866126995747473,roster
BAS,2023-2024,2023,16,12,12,18.595234916075338,-0.9868617878976269,-1.0965797624495175,0.5139464720194646,1.4888325925496382,-3.5405405405405403,3.8656250000000005,3.8656250000000005,0.5139464720194646,1.4888325925496382,-0.9868617878976269,-1.0965797624495175,1.3258087496850717,roster
BAS,2024-2025,2024,17,11,10,19.14482120473659,-1.6445241794282206,-1.6889041960934863,0.43730990415335463,1.7671433021148673,-2.65625,-3.5405405405405403,-3.5405405405405403,0.43730990415335463,1.7671433021148673,-1.6445241794282206,-1.6889041960934863,-1.4938493593556061,roster
BAS,2025-2026,2025,20,9,7,15.673882363271995,-0.4060581984320557,-0.676451138677065,0.5146105006105005,-2.278021142193511,-6.136842105263158,-2.65625,-2.65625,0.5146105006105005,-2.278021142193511,-0.4060581984320557,-0.676451138677065,-3.3820023038613836,roster
BAS,2026-2027,2026,15,10,11,16.818155626575937,-1.3154522945254887,-1.4402904168614783,0.40389826839826837,-1.4936690106577757,,-6.136842105263158,-6.136842105263158,0.40389826839826837,-1.4936690106577757,-1.3154522945254887,-1.4402904168614783,-4.65768251821843,roster
BER,2020-2021,2020,15,11,0,15.72881871669394,-2.0,-2.0,0.5392318840579711,-1.1699030138861986,,,0.7840221022527528,0.5392318840579711,-1.1699030138861986,-2.0,-2.0,-1.6881863145889835,roster
BER,2021-2022,2021,18,12,12,15.600553277660149,-1.3650477239721093,-1.4605011952824516,0.6570340632603405,-1.2496271959198584,,,0.7840221022527528,0.6570340632603405,-1.2496271959198584,-1.3650477239721093,-1.4605011952824516,-1.1902141595322528,roster
BER,2022-2023,2022,19,13,13,17.000849106432483,-1.016509668226588,-1.2093173766898653,0.9093725490196077,0.6737009287256441,,,0.7840221022527528,0.9093725490196077,0.6737009287256441,-1.016509668226588,-1.2093173766898653,1.0736041690884104,roster
BER,2023-2024,2023,20,14,12,16.616127943695,-1.4978355959066225,-1.632836426690629,0.4524963503649635,-0.49027437983070143,,,0.7840221022527528,0.4524963503649635,-0.49027437983070143,-1.4978355959066225,-1.632836426690629,-1.422039080370289,roster
BER,2024-2025,2024,17,14,13,14.89609195756157,-2.221213869329106,-2.178813046465364,0.7668511686680516,-2.4815859450601536,,,0.7840221022527528,0.7668511686680516,-2.4815859450601536,-2.221213869329106,-2.178813046465364,-1.8270360168075719,roster
BES,2026-2027,2026,14,12,11,16.387851744585056,-1.0555092482184434,-1.1677378775619696,0.5173584229390681,-1.9239728926486563,,0.77,0.77,0.5173584229390681,-1.9239728926486563,-1.0555092482184434,-1.1677378775619696,-2.073898578251421,roster
CSK,2020-2021,2020,15,13,0,21.219312052307227,-2.0,-2.0,0.7208702064896755,4.320590321727089,7.54054054054054,,0.7840221022527528,0.7208702064896755,4.320590321727089,-2.0,-2.0,2.667792394423608,roster
CSK,2021-2022,2021,15,15,13,19.94040612238981,0.17117103195235048,-0.04078356624081472,0.7359579390115667,3.0902256488098025,1.6409090909090907,7.54054054054054,7.54054054054054,0.7359579390115667,3.0902256488098025,0.17117103195235048,-0.04078356624081472,4.730278207443213,roster
DUB,2025-2026,2025,17,11,11,20.403902167525075,-1.5591980611046303,-1.5594504776183051,,2.4519986620595695,0.07368421052631581,,0.7840221022527528,0.5774038929440388,2.4519986620595695,-1.5591980611046303,-1.5594504776183051,0.995501570036561,roster
DUB,2026-2027,2026,18,17,18,20.59320713752373,0.7501219909890288,0.2104424438480966,0.9234350796053244,2.281382500290018,,0.07368421052631581,0.07368421052631581,0.9234350796053244,2.281382500290018,0.7501219909890288,0.2104424438480966,2.349560935332608,roster
HTA,2025-2026,2025,15,14,14,17.553889399973233,-0.3720682365509128,-0.4993965548713144,0.6797523947850745,-0.39801410549227256,2.6214285714285714,,0.7840221022527528,0.6797523947850745,-0.39801410549227256,-0.3720682365509128,-0.4993965548713144,-0.3164049100112152,roster
HTA,2026-2027,2026,18,15,15,19.463056083089192,0.4908632422925775,0.23573775677410277,0.666396449704142,1.1512314458554798,,2.6214285714285714,2.6214285714285714,0.666396449704142,1.1512314458554798,0.4908632422925775,0.23573775677410277,1.5189627776188104,roster
IST,2020-2021,2020,15,14,0,21.31085294271332,-2.0,-2.0,0.9336503703703705,4.412131212133183,10.174358974358974,,0.7840221022527528,0.9336503703703705,4.412131212133183,-2.0,-2.0,3.4758340158566345,roster
IST,2021-2022,2021,15,14,13,19.143184844950547,0.6945767928712417,0.5384779900575865,0.9397953394123608,2.2930043713705395,15.063157894736841,10.174358974358974,10.174358974358974,0.9397953394123608,2.2930043713705395,0.6945767928712417,0.5384779900575865,5.942523653371202,roster
IST,2022-2023,2022,16,14,14,20.75735604376146,0.3015653854531991,0.11561510320610102,0.651296181630547,4.430207866054623,3.1843749999999997,15.063157894736841,15.063157894736841,0.651296181630547,4.430207866054623,0.3015653854531991,0.11561510320610102,8.006027947636838,roster
IST,2023-2024,2023,17,12,12,20.599503769027553,0.46530835900193473,0.07009571159975442,0.6365355809997716,3.4931014455018534,0.5757575757575761,3.1843749999999997,3.1843749999999997,0.6365355809997716,3.4931014455018534,0.46530835900193473,0.07009571159975442,3.192293004533117,roster
IST,2024-2025,2024,17,13,12,19.893282716100178,-0.30282161342510905,-0.5224350588271909,0.7066984666160758,2.515604813478454,4.824324324324325,0.5757575757575761,0.5757575757575761,0.7066984666160758,2.515604813478454,-0.30282161342510905,-0.5224350588271909,1.6938535843063507,roster
IST,2025-2026,2025,15,11,11,18.39538400014697,1.0283354365086987,0.8178272718968376,0.396076677316294,0.443480494681463,-5.8500000000000005,4.824324324324325,4.824324324324325,0.396076677316294,0.443480494681463,1.0283354365086987,0.8178272718968376,0.9814156903837583,roster
IST,2026-2027,2026,15,12,12,18.379334882980984,-1.26991534289559,-1.2588354994611903,0.4463590483056957,0.06751024574727182,,-5.8500000000000005,-5.8500000000000005,0.4463590483056957,0.06751024574727182,-1.26991534289559,-1.2588354994611903,-3.340811772980749,roster
KHI,2020-2021,2020,17,14,0,20.076356023044355,-2.0,-2.0,0.7753096296296298,3.177634292464216,-17.0625,,0.7840221022527528,0.7753096296296298,3.177634292464216,-2.0,-2.0,2.0844521244023295,roster
MAD,2020-2021,2020,16,14,0,20.23940031406477,-2.0,-2.0,0.9154583333333334,3.3406785834846318,-0.29999999999999993,,0.7840221022527528,0.9154583333333334,3.3406785834846318,-2.0,-2.0,2.6862734641989197,roster
MAD,2021-2022,2021,17,12,11,16.061412146227873,0.04639251298818993,-0.20660855208261777,0.4886708860759494,-0.788768327352134,-0.4388888888888892,-0.29999999999999993,-0.29999999999999993,0.4886708860759494,-0.788768327352134,0.04639251298818993,-0.20660855208261777,-1.5393834924043381,roster
MAD,2022-2023,2022,16,14,12,19.310956159547693,0.24539348564530988,0.017649271527443517,0.8192334419109663,2.9838079818408545,7.346153846153846,-0.4388888888888892,-0.4388888888888892,0.8192334419109663,2.9838079818408545,0.24539348564530988,0.017649271527443517,2.169937640526183,roster
MAD,2023-2024,2023,17,13,13,21.007424010038953,0.22657193225787375,0.03085536914806488,0.8426774193548384,3.9010216865132534,9.445945945945946,7.346153846153846,7.346153846153846,0.8426774193548384,3.9010216865132534,0.22657193225787375,0.03085536914806488,5.597662952537172,roster
MAD,2024-2025,2024,16,11,10,22.47544872082565,0.7118679760428732,0.3964152637698992,0.651503144654088,5.0977708182039265,1.9578947368421051,9.445945945945946,9.445945945945946,0.651503144654088,5.0977708182039265,0.7118679760428732,0.3964152637698992,6.580122390486329,roster
MAD,2025-2026,2025,17,11,11,20.084468621896523,0.1755897310604529,-0.04027878906402034,0.7518985507246376,2.1325651164310173,7.1,1.9578947368421051,1.9578947368421051,0.7518985507246376,2.1325651164310173,0.1755897310604529,-0.04027878906402034,2.1819430929913275,roster
MAD,2026-2027,2026,16,13,13,18.963246833555104,0.25603635751101195,-0.04074392235363143,0.7410945463205525,0.6514221963213913,,7.1,7.1,0.7410945463205525,0.6514221963213913,0.25603635751101195,-0.04074392235363143,2.960478416274971,roster
MCO,2021-2022,2021,15,10,7,18.71025528762356,0.008401492318910735,-0.2765994289694264,0.03607631251793058,1.8600748140435535,3.8194444444444446,,0.7840221022527528,0.03607631251793058,1.8600748140435535,0.008401492318910735,-0.2765994289694264,-0.960379381089847,roster
MCO,2022-2023,2022,13,11,11,20.34574267500353,0.4661924619568555,0.13994137839292697,0.49443581445523194,4.018594497296693,4.512820512820513,3.8194444444444446,3.8194444444444446,0.49443581445523194,4.018594497296693,0.4661924619568555,0.13994137839292697,3.272790117831713,roster
MCO,2023-2024,2023,14,12,12,18.966601779016035,-0.16909176799096504,-0.2872532982859781,0.9381329305135951,1.860199455490335,2.3594594594594596,4.512820512820513,4.512820512820513,0.9381329305135951,1.860199455490335,-0.16909176799096504,-0.2872532982859781,3.470383323701909,roster
MCO,2024-2025,2024,15,13,13,17.933871633404635,0.15436238289907617,-0.15518275575660465,0.7429904761904762,0.5561937307829119,3.330769230769231,2.3594594594594596,2.3594594594594596,0.7429904761904762,0.5561937307829119,0.15436238289907617,-0.15518275575660465,1.2190003761288857,roster
MCO,2025-2026,2025,14,13,13,20.16369690285881,0.7505618056665269,0.5166536274530047,0.751626843076028,2.211793397393304,1.5534883720930233,3.330769230769231,3.330769230769231,0.751626843076028,2.211793397393304,0.7505618056665269,0.5166536274530047,2.8416164558254247,roster
MIL,2020-2021,2020,16,14,0,17.89546028359209,-2.0,-2.0,0.6278849557522125,0.9967385530119515,3.633333333333333,,0.7840221022527528,0.6278849557522125,0.9967385530119515,-2.0,-2.0,0.09027487632957021,roster
MIL,2021-2022,2021,15,10,9,18.13426505238882,-0.12955477108651858,-0.28981606962919554,0.5895100401606426,1.2840845788088124,2.014705882352941,3.633333333333333,3.633333333333333,0.5895100401606426,1.2840845788088124,-0.12955477108651858,-0.28981606962919554,1.558247589432369,roster
MIL,2022-2023,2022,16,15,13,17.79893880280558,0.6158503908280561,0.12108324685335861,0.5945144756891536,1.4717906250987411,-2.34375,2.014705882352941,2.014705882352941,0.5945144756891536,1.4717906250987411,0.6158503908280561,0.12108324685335861,1.2987935865043094,roster
MIL,2023-2024,2023,15,14,14,17.57667438007552,-0.7527240927188722,-1.0355946551558628,0.6874136253041363,0.4702720565498204,0.10312500000000002,-2.34375,-2.34375,0.6874136253041363,0.4702720565498204,-0.7527240927188722,-1.0355946551558628,-0.8808451249034004,roster
MIL,2024-2025,2024,15,11,10,19.19513396099862,0.1607640796254115,-0.028803566334392454,0.4125709322677937,1.817456058376898,-2.6875,0.10312500000000002,0.10312500000000002,0.4125709322677937,1.817456058376898,0.1607640796254115,-0.028803566334392454,0.12550316350191237,roster
MIL,2025-2026,2025,17,15,16,19.343072336546474,-0.9039410141736239,-0.971819418812203,0.677164600231323,1.391168831080968,-0.8473684210526314,-2.6875,-2.6875,0.677164600231323,1.391168831080968,-0.9039410141736239,-0.971819418812203,-0.4465469161036695,roster
MIL,2026-2027,2026,15,13,14,19.262460743238346,-0.029901195588276246,-0.2018211463694139,0.3849260528332467,0.9506361060046338,,-0.8473684210526314,-0.8473684210526314,0.3849260528332467,0.9506361060046338,-0.029901195588276246,-0.2018211463694139,-0.9334200930734167,roster
MUN,2020-2021,2020,17,14,0,14.177929447596865,-2.0,-2.0,0.4504711111111112,-2.7207922829832736,0.4378378378378377,,0.7840221022527528,0.4504711111111112,-2.7207922829832736,-2.0,-2.0,-3.0499288941624876,roster
MUN,2021-2022,2021,19,14,10,16.02071083002293,-0.5311072627397896,-0.7437258308041437,0.3958252205272336,-0.8294696435570756,-1.0941176470588236,0.4378378378378377,0.4378378378378377,0.3958252205272336,-0.8294696435570756,-0.5311072627397896,-0.7437258308041437,-1.7602733323194217,roster
MUN,2022-2023,2022,15,10,10,15.612763677322976,0.15329577591607335,-0.030720355610361245,0.7404375,-0.7143845003838631,-6.846875,-1.0941176470588236,-1.0941176470588236,0.7404375,-0.7143845003838631,0.15329577591607335,-0.030720355610361245,-0.8611853013577422,roster
MUN,2023-2024,2023,15,10,10,12.759013516425997,-1.587094867240811,-1.6172392148755235,0.5744877450980391,-4.347388807099703,-5.65625,-6.846875,-6.846875,0.5744877450980391,-4.347388807099703,-1.587094867240811,-1.6172392148755235,-6.300899170236095,roster
MUN,2024-2025,2024,14,13,13,14.989865515544128,-1.6514115635458673,-1.6425010508673439,0.5880517623087321,-2.387812387077595,-3.702941176470588,-5.65625,-5.65625,0.5880517623087321,-2.387812387077595,-1.6514115635458673,-1.6425010508673439,-4.522778474877186,roster
MUN,2025-2026,2025,16,15,15,15.024487059275277,-1.3610000245900282,-1.2839667162079569,0.4481222606689734,-2.927416446190229,-3.918421052631578,-3.702941176470588,-3.702941176470588,0.4481222606689734,-2.927416446190229,-1.3610000245900282,-1.2839667162079569,-4.630796542508717,roster
MUN,2026-2027,2026,19,13,12,17.523297291616338,-0.7705048955390262,-0.8330087218895977,0.5599322404371585,-0.7885273456173749,,-3.918421052631578,-3.918421052631578,0.5599322404371585,-0.7885273456173749,-0.7705048955390262,-0.8330087218895977,-2.7362426131728874,roster
OLY,2020-2021,2020,17,15,0,16.593105223710598,-2.0,-2.0,0.4991077138593661,-0.30561650686954067,-1.9968749999999997,,0.7840221022527528,0.4991077138593661,-0.30561650686954067,-2.0,-2.0,-1.2434191970334711,roster
OLY,2021-2022,2021,15,12,12,19.69043897855103,0.3754377890121179,0.08020230459289676,0.6737842424242425,2.840258504971022,1.0777777777777777,-1.9968749999999997,-1.9968749999999997,0.6737842424242425,2.840258504971022,0.3754377890121179,0.08020230459289676,1.0451828788161868,roster
OLY,2022-2023,2022,15,12,12,17.594573596042668,0.45513676660122043,0.27959185007967163,0.7380846905537457,1.2674254183358293,5.874358974358974,1.0777777777777777,1.0777777777777777,0.7380846905537457,1.2674254183358293,0.45513676660122043,0.27959185007967163,1.300211717291506,roster
OLY,2023-2024,2023,16,16,13,17.168265788893223,0.555718775561666,0.2944062113647529,0.6645853658536586,0.06186346536752296,3.9666666666666672,5.874358974358974,5.874358974358974,0.6645853658536586,0.06186346536752296,0.555718775561666,0.2944062113647529,1.92891528249468,roster
OLY,2024-2025,2024,15,14,14,20.375956615458108,0.5135956475718421,0.19998207184353495,0.8045901094648721,2.9982787128363846,5.792105263157895,3.9666666666666672,3.9666666666666672,0.8045901094648721,2.9982787128363846,0.5135956475718421,0.19998207184353495,3.731060655452409,roster
OLY,2025-2026,2025,16,15,15,22.489995165312553,0.12340004340645323,-0.15009610483730282,0.7114729131138926,4.538091659847048,10.825581395348838,5.792105263157895,5.792105263157895,0.7114729131138926,4.538091659847048,0.12340004340645323,-0.15009610483730282,5.001970643391611,roster
OLY,2026-2027,2026,16,13,14,24.266336286025634,0.47422860199057004,0.24717405790670413,0.7467440323049261,5.954511648791922,,10.825581395348838,10.825581395348838,0.7467440323049261,5.954511648791922,0.47422860199057004,0.24717405790670413,7.925889908173573,roster
PAM,2020-2021,2020,17,14,0,17.050384773727714,-2.0,-2.0,0.5616784660766962,0.1516630431475754,1.0468750000000002,,0.7840221022527528,0.5616784660766962,0.1516630431475754,-2.0,-2.0,-0.714287799329536,roster
PAM,2022-2023,2022,18,11,11,16.879364028029936,-0.7232266071040819,-0.9532996309471395,0.7607810650887573,0.5522158503230976,-6.58125,,0.7840221022527528,0.7607810650887573,0.5522158503230976,-0.7232266071040819,-0.9532996309471395,0.5345115798397955,roster
PAM,2023-2024,2023,17,14,12,17.961366963615053,-1.5536170626580412,-1.6558462485634144,0.48860097323600976,0.8549646400893529,-5.06875,-6.58125,-6.58125,0.48860097323600976,0.8549646400893529,-1.5536170626580412,-1.6558462485634144,-2.977659340195764,roster
PAM,2025-2026,2025,20,12,14,18.08259964103625,-0.7384376907888767,-0.8865802079985018,0.7229303201506592,0.13069613557074433,4.765909090909091,,0.7840221022527528,0.7229303201506592,0.13069613557074433,-0.7384376907888767,-0.8865802079985018,0.11294587506207288,roster
PAM,2026-2027,2026,15,11,13,18.6074318194804,-0.5399498699588643,-0.6851039328876286,0.4229386169269385,0.29560718224668747,,4.765909090909091,4.765909090909091,0.4229386169269385,0.29560718224668747,-0.5399498699588643,-0.6851039328876286,0.6117719416062879,roster
PAN,2020-2021,2020,17,11,0,16.099378746654835,-2.0,-2.0,0.34542397660818713,-0.7993429839253032,-6.671875,,0.7840221022527528,0.34542397660818713,-0.7993429839253032,-2.0,-2.0,-2.11669245284665,roster
PAN,2021-2022,2021,14,11,9,16.48597339814897,-1.2662174297205897,-1.3307579395962268,0.5408067632850242,-0.36420707543103603,-8.883333333333333,-6.671875,-6.671875,0.5408067632850242,-0.36420707543103603,-1.2662174297205897,-1.3307579395962268,-3.5893266957740506,roster
PAN,2022-2023,2022,15,14,11,16.871836448902375,-0.6558112011278168,-0.8004133020786971,0.1991376616222343,0.5446882711955361,-4.8843749999999995,-8.883333333333333,-8.883333333333333,0.1991376616222343,0.5446882711955361,-0.6558112011278168,-0.8004133020786971,-4.813050186386811,roster
PAN,2023-2024,2023,15,13,11,18.101212774619803,-0.703292521380703,-0.8121208583841035,0.13895893719806762,0.9948104510941036,6.448717948717949,-4.8843749999999995,-4.8843749999999995,0.13895893719806762,0.9948104510941036,-0.703292521380703,-0.8121208583841035,-3.328056811660568,roster
PAN,2024-2025,2024,15,13,11,18.605560483672885,0.1583497196625587,-0.0170873013160854,0.904725075528701,1.227882581051162,4.930769230769231,6.448717948717949,6.448717948717949,0.904725075528701,1.227882581051162,0.1583497196625587,-0.0170873013160854,3.6750432666894985,roster
PAN,2025-2026,2025,16,14,14,22.2387486404942,0.5403071323710361,0.1622190608374163,0.8836247254898624,4.286845135028695,2.9909090909090907,4.930769230769231,4.930769230769231,0.8836247254898624,4.286845135028695,0.5403071323710361,0.1622190608374163,5.224735539147842,roster
PAN,2026-2027,2026,16,14,13,20.250775390756857,0.56710049771991,0.308617804776308,0.6486307837582624,1.9389507535231445,,2.9909090909090907,2.9909090909090907,0.6486307837582624,1.9389507535231445,0.56710049771991,0.308617804776308,2.1364279412751843,roster
PAR,2022-2023,2022,15,14,14,17.055011777860724,-1.159795999968242,-1.215843591393051,0.7986252873563219,0.727863600153885,4.032432432432432,,0.7840221022527528,0.7986252873563219,0.727863600153885,-1.159795999968242,-1.215843591393051,0.6906436359683443,roster
PAR,2023-2024,2023,13,11,11,17.217623513983053,-0.08395375826206615,-0.20492513104723037,0.56992348565356,0.11122119045735346,-1.803125,4.032432432432432,4.032432432432432,0.56992348565356,0.11122119045735346,-0.08395375826206615,-0.20492513104723037,0.8449515824949589,roster
PAR,2024-2025,2024,17,8,8,16.67038677827796,-1.3785876941693838,-1.4500003245347357,0.0171393149707224,-0.7072911243437652,1.9500000000000004,-1.803125,-1.803125,0.0171393149707224,-0.7072911243437652,-1.3785876941693838,-1.4500003245347357,-3.9760546115471564,roster
PAR,2025-2026,2025,16,12,12,18.647189491521722,-0.46663873026826724,-0.5992002760905979,0.743,0.6952859860562164,-6.247368421052632,1.9500000000000004,1.9500000000000004,0.743,0.6952859860562164,-0.46663873026826724,-0.5992002760905979,1.0338590798529486,roster
PAR,2026-2027,2026,15,13,13,16.439653502296597,0.01392353508949738,-0.22433852281711822,0.23722617675762406,-1.8721711349371155,,-6.247368421052632,-6.247368421052632,0.23722617675762406,-1.8721711349371155,0.01392353508949738,-0.22433852281711822,-5.246272838563621,roster
PRS,2024-2025,2024,15,14,14,17.228702403129866,0.3836849398799937,0.16068850415129604,0.8579037433155078,-0.14897549949185773,-1.613888888888889,,0.7840221022527528,0.8579037433155078,-0.14897549949185773,0.3836849398799937,0.16068850415129604,0.6422900304102237,roster
PRS,2025-2026,2025,16,9,10,13.759603812835724,-1.6382930045119808,-1.683950948682369,0.26115409836065573,-4.192299692629781,-1.2157894736842103,-1.613888888888889,-1.613888888888889,0.26115409836065573,-4.192299692629781,-1.6382930045119808,-1.683950948682369,-5.471683005813388,roster
PRS,2026-2027,2026,14,11,11,17.509794325269436,-0.2748809573024283,-0.350053958585019,0.6911995614035088,-0.8020303119642769,,-1.2157894736842103,-1.2157894736842103,0.6911995614035088,-0.8020303119642769,-0.2748809573024283,-0.350053958585019,-1.2295277075287263,roster
RED,2020-2021,2020,15,11,0,13.517864104867293,-2.0,-2.0,0.3553726282845407,-3.3808576257128458,-7.574999999999999,,0.7840221022527528,0.3553726282845407,-3.3808576257128458,-2.0,-2.0,-3.830468957743168,roster
RED,2021-2022,2021,15,13,12,14.134705476152533,-0.17998065479857506,-0.38667722554008377,0.43453771289537724,-2.7154749974274743,-2.6419354838709683,-7.574999999999999,-7.574999999999999,0.43453771289537724,-2.7154749974274743,-0.17998065479857506,-0.38667722554008377,-5.633422088558449,roster
RED,2022-2023,2022,16,13,12,16.50194565928579,-1.3787507774791001,-1.4178684817977099,0.4823734335839599,0.17479748157895258,-0.26249999999999984,-2.6419354838709683,-2.6419354838709683,0.4823734335839599,0.17479748157895258,-1.3787507774791001,-1.4178684817977099,-2.041384527759333,roster
RED,2023-2024,2023,15,14,14,16.948702691210126,-0.8395433738529507,-0.6718621387743988,0.3507369696969697,-0.15769963231557327,-2.6906250000000003,-0.26249999999999984,-0.26249999999999984,0.3507369696969697,-0.15769963231557327,-0.8395433738529507,-0.6718621387743988,-1.7762524863986358,roster
RED,2024-2025,2024,15,13,13,18.648989198967737,-0.17703663244190423,-0.4002573310751307,0.7725817345618222,1.2713112963460134,1.2787878787878786,-2.6906250000000003,-2.6906250000000003,0.7725817345618222,1.2713112963460134,-0.17703663244190423,-0.4002573310751307,-0.03521829713277613,roster
RED,2025-2026,2025,19,12,13,18.145101937445705,-1.3960922565435676,-1.3729014599911555,0.5991380301408428,0.19319843198019981,1.0846153846153845,1.2787878787878786,1.2787878787878786,0.5991380301408428,0.19319843198019981,-1.3960922565435676,-1.3729014599911555,-0.24926629684300927,roster
RED,2026-2027,2026,16,13,12,21.15974169865988,0.028018806153666264,-0.19394775136902476,0.6013925925925926,2.847917061426166,,1.0846153846153845,1.0846153846153845,0.6013925925925926,2.847917061426166,0.028018806153666264,-0.19394775136902476,1.8004705318386103,roster
TEL,2020-2021,2020,14,8,0,17.5416229993572,-2.0,-2.0,0.5690874074074074,0.642901268777063,-3.384375,,0.7840221022527528,0.5690874074074074,0.642901268777063,-2.0,-2.0,-0.355557820112705,roster
TEL,2021-2022,2021,15,10,8,19.4428105719117,-0.6567549253794454,-0.7842378492599157,0.43876811594202897,2.592630098331693,-0.10909090909090903,-3.384375,-3.384375,0.43876811594202897,2.592630098331693,-0.6567549253794454,-0.7842378492599157,-0.6586884508076318,roster
TEL,2022-2023,2022,15,10,10,18.356527293148233,-0.9819431123837808,-1.0957873554375988,0.1201142857142857,2.029379115441394,3.175675675675676,-0.10909090909090903,-0.10909090909090903,0.1201142857142857,2.029379115441394,-0.9819431123837808,-1.0957873554375988,-1.0807659725101963,roster
TEL,2023-2024,2023,13,11,11,19.373628449570706,0.6051138069521058,0.45837419347088565,0.71760809371672,2.2672261260450064,-0.6526315789473686,3.175675675675676,3.175675675675676,0.71760809371672,2.2672261260450064,0.6051138069521058,0.45837419347088565,2.6737088749847686,roster
TEL,2024-2025,2024,15,11,10,16.646953030640216,-1.4073784035284411,-1.4441546157468799,0.3524631360332295,-0.7307248719815078,-6.51875,-0.6526315789473686,-0.6526315789473686,0.3524631360332295,-0.7307248719815078,-1.4073784035284411,-1.4441546157468799,-2.419338823311601,roster
TEL,2025-2026,2025,14,9,9,17.696486291177127,-1.3106828823116519,-1.3763792661637189,0.5252351003942224,-0.2554172142883786,-3.6105263157894734,-6.51875,-6.51875,0.5252351003942224,-0.2554172142883786,-1.3106828823116519,-1.3763792661637189,-3.5262973250568965,roster
TEL,2026-2027,2026,15,13,12,20.53451552125412,-1.0893289423172208,-1.077599360336227,0.6946492942453854,2.222690884020409,,-3.6105263157894734,-3.6105263157894734,0.6946492942453854,2.222690884020409,-1.0893289423172208,-1.077599360336227,-0.1860420499854345,roster
ULK,2020-2021,2020,16,12,0,16.80052374996873,-2.0,-2.0,0.416663175471461,-0.09819798061140972,-1.374285714285714,,0.7840221022527528,0.416663175471461,-0.09819798061140972,-2.0,-2.0,-1.3919796307265453,roster
ULK,2021-2022,2021,15,12,12,20.890222494133972,0.26257508985219,0.041587765263065,0.63949859695593,4.040042020553965,1.3586206896551718,-1.374285714285714,-1.374285714285714,0.63949859695593,4.040042020553965,0.26257508985219,0.041587765263065,1.931173500627448,roster
ULK,2022-2023,2022,16,14,14,16.68205636781335,-0.15441105581782405,-0.4215853594731474,0.4918910538584631,0.3549081901065101,0.481081081081081,1.3586206896551718,1.3586206896551718,0.4918910538584631,0.3549081901065101,-0.15441105581782405,-0.4215853594731474,-0.21605466478431468,roster
ULK,2023-2024,2023,16,15,15,18.3388860271683,0.18884804050170945,-0.12194808111556552,0.7745756613756614,1.2324837036426004,2.9743589743589745,0.481081081081081,0.481081081081081,0.7745756613756614,1.2324837036426004,0.18884804050170945,-0.12194808111556552,1.1370947139776342,roster
ULK,2024-2025,2024,15,13,12,18.773023479416448,0.7112493805082543,0.41768290978453354,0.5363672654690618,1.3953455767947247,3.775675675675676,2.9743589743589745,2.9743589743589745,0.5363672654690618,1.3953455767947247,0.7112493805082543,0.41768290978453354,1.4003363631424424,roster
ULK,2025-2026,2025,15,12,11,15.388284301160471,0.6425122369144801,0.4308798473902767,0.5719190628328008,-2.5636192043050343,2.2767441860465114,3.775675675675676,3.775675675675676,0.5719190628328008,-2.5636192043050343,0.6425122369144801,0.4308798473902767,-0.8909369789811512,roster
ULK,2026-2027,2026,15,13,14,20.66119857102987,-0.30806861398616064,-0.40206571989674866,0.40612518509625006,2.3493739337961586,,2.2767441860465114,2.2767441860465114,0.40612518509625006,2.3493739337961586,-0.30806861398616064,-0.40206571989674866,1.1223848674241503,roster
UNK,2021-2022,2021,15,11,10,14.164890032773654,-1.1514168546405452,-1.2558765082400714,0.36836614853195165,-2.6852904408063534,3.0652173913043477,,0.7840221022527528,0.36836614853195165,-2.6852904408063534,-1.1514168546405452,-1.2558765082400714,-3.128056134575579,roster
VIR,2022-2023,2022,15,12,12,16.332549699427528,-0.4656078872596507,-0.6967105118725712,0.6937613636363636,0.005401521720688862,-7.871874999999999,,0.7840221022527528,0.6937613636363636,0.005401521720688862,-0.4656078872596507,-0.6967105118725712,-0.0144926090709383,roster
VIR,2023-2024,2023,15,13,12,16.0704755010521,-2.0169506501595875,-1.7612545922749436,0.5603931623931624,-1.0359268224735985,-4.620588235294117,-7.871874999999999,-7.871874999999999,0.5603931623931624,-1.0359268224735985,-2.0169506501595875,-1.7612545922749436,-4.560496290951516,roster
VIR,2024-2025,2024,14,12,12,18.539950691639024,-0.820146407631331,-0.9502053248614872,0.5866095044750481,1.162272789017301,-8.85625,-4.620588235294117,-4.620588235294117,0.5866095044750481,1.162272789017301,-0.820146407631331,-0.9502053248614872,-1.5782269759504,roster
VIR,2025-2026,2025,15,10,12,15.759007530921792,-0.9575258608094207,-1.038268266788742,0.3634481074481075,-2.1928959745437133,-5.881578947368421,-8.85625,-8.85625,0.3634481074481075,-2.1928959745437133,-0.9575258608094207,-1.038268266788742,-6.147865181898104,roster
VIR,2026-2027,2026,14,8,10,16.396659724673064,-1.0543328461641677,-1.1525460656721966,0.3096622807017544,-1.9151649125606482,,-5.881578947368421,-5.881578947368421,0.3096622807017544,-1.9151649125606482,-1.0543328461641677,-1.1525460656721966,-5.126997016702877,roster
ZAL,2020-2021,2020,15,13,0,16.009965630000398,-2.0,-2.0,0.5915935672514621,-0.8887561005797409,-0.69375,,0.7840221022527528,0.5915935672514621,-0.8887561005797409,-2.0,-2.0,-1.3141573286834203,roster
ZAL,2021-2022,2021,13,11,10,15.49187836402913,-1.2397011586143794,-1.2900538042477014,0.35253186274509807,-1.358302109550877,-9.996666666666666,-0.69375,-0.69375,0.35253186274509807,-1.358302109550877,-1.2397011586143794,-1.2900538042477014,-2.82192167921007,roster
ZAL,2022-2023,2022,15,11,10,15.073592090668702,-1.1353960660951212,-1.1588797534769204,0.45914028553693353,-1.2535560870381364,-4.4,-9.996666666666666,-9.996666666666666,0.45914028553693353,-1.2535560870381364,-1.1353960660951212,-1.1588797534769204,-5.614663337073214,roster
ZAL,2023-2024,2023,13,10,10,15.98754307216314,-0.9395848123020178,-1.0032749556444052,0.8181925416231495,-1.1188592513625597,-0.012499999999999872,-4.4,-4.4,0.8181925416231495,-1.1188592513625597,-0.9395848123020178,-1.0032749556444052,-2.2602825956753922,roster
ZAL,2024-2025,2024,13,13,13,15.875177510720688,-1.0252202915422304,-1.2779888307475842,0.4922457305103583,-1.5025003919010356,-3.85,-0.012499999999999872,-0.012499999999999872,0.4922457305103583,-1.5025003919010356,-1.0252202915422304,-1.2779888307475842,-2.144058165195365,roster
ZAL,2025-2026,2025,16,13,12,15.722955742814982,-0.6087295104837407,-0.7488273389075304,0.6730793650793652,-2.228947762650524,5.40952380952381,-3.85,-3.85,0.6730793650793652,-2.228947762650524,-0.6087295104837407,-0.7488273389075304,-3.255861677817501,roster
ZAL,2026-2027,2026,15,14,14,16.871510052527043,-0.5604603367713361,-0.7426224799842778,0.6197836774827925,-1.4403145847066696,,5.40952380952381,5.40952380952381,0.6197836774827925,-1.4403145847066696,-0.5604603367713361,-0.7426224799842778,0.34713559410805517,roster
ZEN,2020-2021,2020,16,12,0,15.803288487906695,-2.0,-2.0,0.46338325991189433,-1.0954332426734439,3.310810810810811,,0.7840221022527528,0.46338325991189433,-1.0954332426734439,-2.0,-2.0,-1.903677026718805,roster
ZEN,2021-2022,2021,17,13,11,19.327662627276673,-0.63318100517537,-0.7725479027561215,0.4621171458998935,2.4774821536966662,0.6809523809523809,3.310810810810811,3.310810810810811,0.4621171458998935,2.4774821536966662,-0.63318100517537,-0.7725479027561215,1.6967322333122565,roster
