team_code,off_rtg,def_rtg,net_rtg,pace,efg_pct,ts_pct,tov_pct,orb_pct,drb_pct,ft_freq,3p_pct,ast_pct,st_pct,blk_pct,rim_freq,rim_pps,long_freq,c3_freq,l3_freq,opp_efg_pct,opp_ts_pct,opp_tov_pct,opp_orb_pct,opp_ft_freq,opp_3p_pct,opp_rim_freq,adj_off,adj_def,adj_net,elo,games_last_season,roster_prior_net,last_season_raw_net,last_season_adj_net
IST,114.90608665082306,118.2468984238038,-3.340811772980749,71.83868656853654,0.5431880392936418,0.586136402205034,0.14846164950032756,0.29463741888476375,0.6771772147379485,0.09535882411359706,0.35539661469622974,0.49701873002144104,0.08675684152040244,0.0459426122657096,0.26110925468337354,1.3494659253449017,0.025424183889188663,0.04398670702097679,0.2650264571679313,0.5485284833946333,0.5956065511054722,0.14666596179309427,0.322833435050964,0.1025356862371006,0.36941115380478584,0.26109524260667105,114.90608665082306,118.2468984238038,-3.340811772980749,1449.8878234052888,38,-3.340811772980749,-5.272386747617146,-5.456145775197019
MIL,116.10978249077672,117.04320258385013,-0.9334200930734168,72.6804495146666,0.5609764324977589,0.6037503575155792,0.1420825127575442,0.3056856997720956,0.6861028581193378,0.09853122161494487,0.37799159710177643,0.4967378312252348,0.07556464515552305,0.03379271831572192,0.2541213372245975,1.327518502118715,0.032771877942700735,0.03604261745603893,0.27786844396267796,0.5578647021512719,0.6016173255329986,0.13493813517225473,0.3139117944291688,0.09494141875414404,0.3712594980659619,0.29459634410259583,116.10978249077672,117.04320258385013,-0.9334200930734168,1485.9986986038987,38,-0.9334200930734168,-1.7856781290896806,-2.3543377252976785
BES,115.53954324818771,117.61344182643914,-2.073898578251421,72.33491936705657,0.5529179654651248,0.5914221080345409,0.1449119505522567,0.30044321335973345,0.6818258045388707,0.09907121214271794,0.3663747153038976,0.48339273553768686,0.0807475827999629,0.038089222089134456,0.24731132899397928,1.34651723188253,0.039266374284027905,0.04693721263628583,0.2722724549451502,0.549976791858563,0.5928433424938085,0.14601582175436584,0.31810825493667205,0.09735745995653647,0.3593328373629552,0.26041525691590817,115.53954324818771,117.61344182643914,-2.073898578251421,1468.8915213262287,23,-2.073898578251421,-1.480832173441737,-1.4808321734417338
RED,117.47672780323273,115.67625727139412,1.8004705318386105,73.58053821851722,0.5448548724418889,0.5860230268703113,0.15055050974630207,0.34934193611328895,0.6932802469319075,0.0979958123625885,0.3577635361442006,0.5033807966828998,0.08189142465819274,0.03683731161165735,0.2720875372785567,1.3350513532173252,0.021100372138852637,0.04254990382686365,0.25677685196983335,0.5563263653776116,0.5993146571857842,0.14879518976201112,0.3067308772678496,0.10155174055079005,0.36362442684404067,0.2616501144256549,117.47672780323273,115.67625727139412,1.8004705318386105,1527.007057977579,39,1.8004705318386105,-0.3961194872919441,-0.9359315345326277
DUB,117.75127300497974,115.40171206964712,2.349560935332608,73.50191151111319,0.548374347969937,0.597522948026598,0.13637464913326058,0.30793275416978494,0.6811047376177819,0.10530552265790452,0.3586085254385546,0.49007973706367025,0.07831293163286454,0.04067396894411472,0.2800169547360334,1.3374901822811327,0.023408327327378596,0.037237351217861994,0.2545800561872945,0.5445520024625841,0.5868159232959874,0.13171442407059297,0.31890687475544843,0.09521224850367219,0.3694655747388078,0.2690951988254036,117.75127300497974,115.40171206964712,2.349560935332608,1535.243414029989,38,2.349560935332608,0.3498567653491498,-0.3171325329215958
BAR,116.51793303853624,116.63505203609061,-0.11711899755437509,71.61854911954732,0.5526540755344853,0.5897741848427067,0.14428247870645783,0.3174441284750415,0.6897602698809969,0.08838604472821876,0.3643239425048098,0.48730317447338467,0.09311059085021495,0.03257400248065417,0.24372739718555722,1.3290582889730378,0.02907025684849438,0.03259381215168093,0.27860356220187665,0.5554576310513002,0.5978088124785689,0.15136225471263837,0.3102503386833171,0.09666099654647389,0.35593038365020135,0.25324653202294223,116.51793303853624,116.63505203609061,-0.11711899755437509,1498.2432150366844,40,-0.1171189975543751,0.4841709490134587,-0.163081725059682
MUN,115.20837123072698,117.94461384389987,-2.7362426131728874,72.53095718949147,0.5491892304785422,0.5879255375760001,0.14902444714826563,0.30799961482098015,0.6780172588915714,0.0844633496140373,0.36329809101118055,0.5125038681091287,0.08651392413216438,0.03502503514857727,0.2566124766276986,1.3388717774598464,0.02533237643624211,0.03633789445691462,0.2779398626915299,0.5533988195015869,0.5947709921843196,0.15129353430721665,0.32199352315515817,0.09445345573094673,0.3619612283935295,0.25191368436383116,115.20837123072698,117.94461384389987,-2.7362426131728874,1458.9563608024066,38,-2.7362426131728874,-2.888150678041046,-3.9701869946434023
ULK,117.13768497102551,116.01530010360135,1.1223848674241503,72.08138529436975,0.5458364153131461,0.5884525254135203,0.15384664497517953,0.3306603174528929,0.6801890090287331,0.09329539051581003,0.3606716603685398,0.46427695246111356,0.0783916648488417,0.04617773529534578,0.2528497464292715,1.3197488645585822,0.03037125908133973,0.0421821173728924,0.2669879764543136,0.532277609198752,0.579192529081315,0.14270030819368357,0.3198221524553373,0.10487957041207494,0.3372031210376155,0.26783233306116006,117.13768497102551,116.01530010360135,1.1223848674241503,1516.8357730113623,43,1.1223848674241503,0.21525084359516367,1.1643387412108708
HTA,117.33597392612283,115.81701114850402,1.5189627776188104,73.53745117907856,0.5592435181774555,0.6001090658101051,0.14339382337804168,0.2902632201352224,0.6784457804888355,0.09332983427301773,0.36078882897099207,0.4645273631016822,0.08258104555342033,0.03910458804002656,0.2563658906959665,1.3930822533806888,0.03215641390607895,0.03153162677430543,0.2627572191994365,0.5461997944391265,0.5892206024690965,0.14159694686556112,0.32158722277294927,0.08944597980344994,0.34699482709789475,0.25153366557951856,117.33597392612283,115.81701114850402,1.5189627776188104,1522.7844416642822,42,1.5189627776188104,-0.5533232993947464,0.16741961251884935
BAS,114.24765127820422,118.90533379642264,-4.65768251821843,74.41930629472225,0.5501422774429181,0.5996296450789501,0.14688247925405512,0.30160202792707086,0.6754760538812019,0.10184035678341224,0.35102096892091295,0.48280894306154387,0.08350569273148876,0.0381349109095364,0.24988545633444179,1.3777446838715708,0.02327690008470061,0.02889916008376439,0.28935816043640195,0.5647160554166395,0.6105443216457467,0.14356424709642257,0.32455600508147664,0.10285588415706967,0.3847123288034917,0.2652615713448053,114.24765127820422,118.90533379642264,-4.65768251821843,1430.1347622267235,38,-4.65768251821843,-5.742498549376984,-5.730455611671622
ASV,111.23972830835623,121.91325676627062,-10.6735284579144,73.2705505745079,0.5316870093541093,0.5719308719812563,0.14807551598089336,0.30582875470508464,0.6845520510482532,0.09457541001627778,0.34580701330435754,0.5071059934735836,0.08763966191140637,0.038333485458894,0.2534916204869814,1.3110122729240516,0.03520618802589236,0.040681046146133826,0.27959079110335916,0.5613950476062166,0.6056632227432479,0.15117632074797238,0.31549307161908735,0.10953310672953212,0.3575732256431525,0.2848206254868987,111.23972830835623,121.91325676627062,-10.6735284579144,1339.897073131284,38,-10.6735284579144,-9.810712570531146,-9.994303116516623
TEL,116.4834715123207,116.66951356230615,-0.18604204998543447,74.81251646830127,0.5400848835932535,0.5894385674555206,0.14364806336716918,0.33928870444649206,0.6767604864260713,0.10392407640845402,0.35662597018219405,0.4897720074133935,0.08644117208063846,0.03560133852477154,0.26132613076577466,1.3070092674337634,0.029450674062359565,0.029006380332196588,0.2837123186096323,0.5645114424987425,0.6092898439305539,0.14555743959436887,0.32326310251951584,0.09996014928678554,0.3623163116880783,0.2568948279747689,116.4834715123207,116.66951356230615,-0.18604204998543447,1497.2093692502185,38,-0.1860420499854345,-3.798344076820381,-5.165375246613898
OLY,120.53943749140021,112.61354758322665,7.925889908173573,73.13988685906332,0.5681231999468896,0.6120617172878455,0.14383724062520348,0.326263903008783,0.7105419426732205,0.10491234483134401,0.36508232778413274,0.5175319130963527,0.08486052492462709,0.03444980013094712,0.25199027195120655,1.4164710764665258,0.027167617695713256,0.03711632211402695,0.28379529580187635,0.5381981219824405,0.577223879500841,0.145782416726614,0.2894762711458547,0.08352781742870194,0.3426643543656298,0.2603594026964019,120.53943749140021,112.61354758322665,7.925889908173573,1618.8883486226036,43,7.925889908173573,13.624656393497395,13.491089331507029
PAN,117.64470650795101,115.50827856667584,2.1364279412751843,72.50253463716668,0.5515816013220567,0.5938366697868281,0.136570767772542,0.3145601312801297,0.6732154797681257,0.0898111291501251,0.36017542473475406,0.4818429432421912,0.08875869589174262,0.03378239322227005,0.28242058395801556,1.3205604886864875,0.02526338013702263,0.040936996991292524,0.26171096791875925,0.5498258102952955,0.5907968078114001,0.14542486298011287,0.3268182136056289,0.09657066973800538,0.3498993833806126,0.271236369166704,117.64470650795101,115.50827856667584,2.1364279412751843,1532.0464191191277,44,2.1364279412751843,2.690127662988612,3.6903663672085916
PRS,115.96172868354907,117.19125639107779,-1.2295277075287263,75.67580756910523,0.5497636772186696,0.5906637930034722,0.1465665910031974,0.3191318085377203,0.6631737209441375,0.09586836309632232,0.3668501811801601,0.470610223164161,0.08898664325622913,0.043455855539052915,0.2480420850864621,1.3359388068828573,0.02313851474070943,0.022710623044857,0.314302330893795,0.5442726985749783,0.5903441961653053,0.15206442528360142,0.3368475756002094,0.10551346332395714,0.35093313489631445,0.24615306496654848,115.96172868354907,117.19125639107779,-1.2295277075287263,1481.5570843870692,38,-1.2295277075287263,-0.1101069758706798,-0.6540609201247373
PAR,113.95335611803162,119.19962895659523,-5.246272838563621,72.69676709157395,0.5389703797792602,0.581722942309647,0.14802248597959394,0.3077512945830987,0.6901095599822848,0.08976950580697815,0.34992295926368533,0.492013682342567,0.09150058660477126,0.039267289991229304,0.2822277864492678,1.2843893337476822,0.027200015711803874,0.03933712130490177,0.2579600623782503,0.5479597780070768,0.5920279207832275,0.14945193668465398,0.30992711796550837,0.10273274325319315,0.355087225184591,0.2688374153412105,113.95335611803162,119.19962895659523,-5.246272838563621,1421.3059074215457,38,-5.246272838563621,-2.583973540170296,-3.1877311879543972
MAD,118.05673174545092,115.09625332917594,2.960478416274971,73.15754819470408,0.5592018446716072,0.6016201689016988,0.1422043060673061,0.33100635700122083,0.7001997076626634,0.09694120324841624,0.3737738279274202,0.5038161589855641,0.08741511161129087,0.04950738693305893,0.25560029597180345,1.4031705863559252,0.01654380294939037,0.0315995968032014,0.28244737170647827,0.5404422266316529,0.5813444156341888,0.13805926954447764,0.2998116634606881,0.09173492881462245,0.3617440625719338,0.23783638285096226,118.05673174545092,115.09625332917594,2.960478416274971,1544.4071762441245,44,2.960478416274971,7.692932002943461,8.331455281083748
PAM,116.88237850811657,116.27060656651028,0.6117719416062879,73.8239247208869,0.5539374928475993,0.5888015887535284,0.13828205808212754,0.332674049204917,0.686606273371155,0.09398226036915365,0.35332223812241426,0.5137646513567151,0.0897461264248591,0.046403504430008916,0.27773043225937055,1.3674069239520636,0.024670499809762388,0.0427027443267277,0.29076925234916734,0.541861357766996,0.5861831596371155,0.144264956440256,0.3134286967053933,0.09274234902163112,0.3559403503726872,0.2784752500130505,116.88237850811657,116.27060656651028,0.6117719416062879,1509.1765791240944,44,0.6117719416062879,3.962285295861001,5.0141408758658645
VIR,114.01299402896198,119.13999104566487,-5.126997016702877,73.23306657332648,0.538044795901337,0.5842161958036795,0.1554780694160009,0.3141915867250962,0.6823860879792321,0.09766575028102285,0.3438898068286318,0.5020576565309474,0.08744200187545464,0.03909995187462992,0.2664817235163348,1.332557188785223,0.01989990212225234,0.02353203961556534,0.2763409577810063,0.5616211555592792,0.6018510545978962,0.14379396426629246,0.31768106463194923,0.09527285127473477,0.3668206794581368,0.2596197190217818,114.01299402896198,119.13999104566487,-5.126997016702877,1423.0950447494567,38,-5.126997016702877,-8.503430953654208,-9.220445530616086
ZAL,116.75006033436746,116.4029247402594,0.3471355941080551,71.81525512091267,0.5512507347014491,0.5920199642034052,0.14102870590317576,0.33212701845553866,0.6675567745902913,0.10153192589338625,0.36911244338509164,0.494104297780957,0.08334612735149563,0.04145463263816643,0.28185019084893304,1.3166430405335805,0.02655042804768823,0.036717130785701796,0.26574635519473266,0.5464800371054986,0.5849928485019835,0.14156962641125392,0.33247160723461444,0.09065450160697433,0.3625543942502479,0.2856480244344044,116.75006033436746,116.4029247402594,0.3471355941080551,1505.2070339116208,42,0.3471355941080551,2.4490858219963525,2.346504508837833
