,AS Monaco Basket 2020->2021,BC UNICS 2020->2021,Hapoel Tel Aviv 2024->2025,KK Partizan 2021->2022,Paris Basketball 2023->2024,Valencia Basket 2021->2022,Valencia Basket 2024->2025,Virtus Bologna 2021->2022,median_ratio,ratio_sd
minutes,1.0209,1.0097,1.0001,0.9982,0.9872,1.0014,1.0056,1.0037,1.0025,0.0097
pts,1.0061,0.912,0.9907,0.9973,0.8838,0.9379,0.9438,0.933,0.9408,0.0437
2pm,0.978,0.9737,1.001,0.9418,0.7844,0.914,1.0209,0.7952,0.9578,0.0904
2pa,0.9565,0.9752,1.0248,0.9406,0.8896,0.9555,1.0495,0.8321,0.956,0.0695
2p_pct,1.0263,1.009,0.9714,0.9851,0.8944,0.9622,0.9786,0.9586,0.975,0.0393
3pm,1.1673,0.919,1.021,1.0492,1.0383,0.9805,0.8986,1.0881,1.0297,0.0879
3pa,1.0799,0.917,0.9806,0.8948,1.0966,0.9723,0.944,0.9809,0.9764,0.0718
3p_pct,1.0959,1.0092,1.0287,1.1535,0.9505,1.0069,0.9556,1.1255,1.0189,0.0762
fgm,1.0244,0.956,1.0066,0.9714,0.8554,0.937,0.9741,0.8712,0.9637,0.0599
fga,0.9979,0.9521,1.0074,0.9231,0.9717,0.9632,0.9977,0.8876,0.9674,0.0412
fg_pct,1.0302,1.0063,0.9949,1.0474,0.8865,0.9685,0.9748,0.9764,0.9857,0.0488
ftm,0.8642,0.7186,0.9101,1.0643,0.9168,0.912,0.8539,1.1375,0.911,0.1289
fta,0.8349,0.7919,0.8628,1.0175,0.9025,0.8567,0.9097,0.9832,0.8827,0.0754
ft_pct,1.0353,0.8958,1.0712,1.0334,1.0152,1.0745,0.9413,1.1837,1.0344,0.0874
orb,0.7693,0.8005,0.9406,0.7032,0.9916,0.7177,0.9845,0.7216,0.7849,0.1238
drb,1.0172,0.9789,0.9647,0.8312,0.93,0.8439,0.9055,0.9113,0.9206,0.0643
trb,0.9253,0.9172,0.9581,0.7876,0.9497,0.8002,0.9311,0.8532,0.9213,0.0674
ast,1.0343,0.9863,0.8667,0.9038,0.7814,0.8438,0.9149,0.8819,0.8928,0.0796
tov,0.9482,1.101,0.967,0.7987,0.9463,0.9821,0.8967,1.1457,0.9576,0.1094
st,1.0293,1.2966,0.8077,0.8194,0.6753,1.3285,0.9303,0.9266,0.9284,0.2323
blk,0.781,0.96,0.9638,0.7666,0.6557,0.79,1.0068,0.7178,0.7855,0.1293
pf,0.9429,0.8743,0.921,1.122,1.0166,1.1195,0.971,1.0009,0.9859,0.089
df,0.8726,0.7765,0.916,1.0376,0.9679,0.9238,0.8998,0.9656,0.9199,0.077
eff,0.9997,0.8917,0.948,0.9416,0.7813,0.8301,0.9046,0.8707,0.8982,0.0695
plus_minus,0.4284,0.2677,0.2419,0.3065,0.0086,-0.59,0.3093,-1.1377,,
poss,1.0069,0.9815,0.992,0.9506,0.9584,0.9991,0.9721,0.966,0.9768,0.02
pace,0.9858,0.9711,0.9919,0.9528,0.9711,0.9978,0.9671,0.9627,0.9711,0.0154
off_rtg,0.9981,0.9278,0.9975,1.049,0.92,0.9375,0.9729,0.9645,0.9687,0.0434
def_rtg,1.067,0.9604,1.0701,1.1094,1.1314,1.0695,1.0766,1.0799,1.0734,0.05
net_rtg,0.3565,0.3281,0.2503,0.3877,-0.0385,-0.5625,0.2939,-0.997,,
efg_pct,1.0466,1.0017,0.9964,1.0591,0.9092,0.976,0.9624,1.0028,0.999,0.0473
ts_pct,1.0385,0.9799,0.9992,1.063,0.9166,0.9851,0.9558,1.0328,0.9921,0.0477
rim_freq,1.1763,0.9251,0.8367,0.8195,0.8307,1.0117,0.9603,0.8898,0.9075,0.1199
rim_pps,0.9908,1.0366,1.0413,1.0256,0.887,0.9865,1.0092,0.9287,1.0,0.0545
mid_freq,0.8651,1.0882,1.3877,1.3308,1.1521,0.9422,1.432,0.8344,1.1202,0.2369
mid_pps,1.0512,1.0855,0.9572,1.1023,1.1195,0.8539,0.9937,1.0367,1.044,0.088
long_freq,0.6712,1.1983,1.6722,1.6359,0.7692,1.1309,1.358,1.5205,1.2781,0.377
long_pps,0.6247,0.844,1.2854,1.8607,0.8712,1.0023,0.9719,1.0799,0.9871,0.3732
c3_freq,2.0139,1.2962,1.0166,0.9178,1.1563,0.9648,0.8832,1.5924,1.0865,0.3945
c3_pps,1.1611,1.3792,0.8082,0.8473,0.7923,1.363,0.7526,1.7744,1.0042,0.3721
l3_freq,1.0728,0.9482,0.977,0.9819,1.1379,1.0394,0.9947,1.0083,1.0015,0.0613
l3_pps,1.1113,0.997,1.0334,1.2571,0.9575,0.9776,0.9687,1.1423,1.0152,0.1058
ft_freq,0.8243,0.7937,0.8639,1.1033,0.9527,0.8787,0.9225,1.0691,0.9006,0.1112
tov_pct,0.9884,1.158,0.9846,0.8811,0.9807,1.027,0.9161,1.2239,0.9865,0.1162
ltov_pct,1.0948,1.2117,1.1006,0.937,1.0897,0.999,0.9874,1.2205,1.0922,0.1024
dtov_pct,0.8967,1.1094,0.8873,0.8209,0.8863,1.0613,0.8442,1.2303,0.892,0.1477
ast_pct,1.0641,1.088,0.8789,0.9278,0.9016,0.9187,0.9627,0.9713,0.9453,0.0756
ast_pct_2p,1.1204,0.9824,0.8749,0.9138,0.7829,0.8962,0.9921,0.9133,0.9136,0.0993
ast_pct_3p,0.8823,1.0955,0.7926,0.8913,0.8705,0.9398,0.8882,0.9772,0.8898,0.0897
ast_pct_ft,0.9563,1.1376,0.8437,1.0433,1.2791,0.7874,1.1565,1.2741,1.0904,0.1857
ast_ratio,1.0651,1.0335,0.8724,0.9838,0.8141,0.8804,0.9391,0.9443,0.9417,0.0847
orb_pct,0.8094,0.8247,0.9674,0.7884,0.9062,0.753,0.9835,0.8434,0.834,0.0842
orb_pct_2p,0.8223,0.9202,1.0574,0.834,0.846,0.7165,0.9501,0.7596,0.84,0.1093
orb_pct_3p,0.7344,0.764,0.9068,0.7814,1.0133,0.7568,0.9933,0.9187,0.8441,0.1126
orb_pct_ft,0.7389,0.4325,0.818,0.272,0.4953,1.006,1.2899,0.6931,0.716,0.3276
drb_pct,1.026,0.9544,0.9543,0.9471,0.9328,0.9565,0.9724,0.981,0.9554,0.0285
drb_pct_2p,0.9852,0.9343,0.948,0.9521,0.8878,0.9568,1.0213,0.9808,0.9545,0.0394
drb_pct_3p,1.0631,0.9834,0.9831,0.9349,0.976,0.9807,0.9351,0.9764,0.9785,0.0396
drb_pct_ft,0.9954,0.6839,0.985,0.8338,0.8859,0.8402,0.8603,0.9218,0.8731,0.0989
trb_pct,0.9599,0.9298,0.965,0.902,0.9122,0.8665,0.9599,0.9439,0.9369,0.0345
st_pct,1.0313,1.3274,0.8119,0.8492,0.7071,1.3369,0.9617,0.9683,0.965,0.2293
blk_pct,0.7541,0.9207,0.9224,0.8061,0.6306,0.8431,1.0189,0.7097,0.8246,0.1271
blk_pct_2p,0.864,0.8132,0.8744,0.6719,0.6648,0.82,0.9934,0.6861,0.8166,0.1167
blk_pct_3p,0.3527,6.96,0.949,2.9247,0.2802,,1.8785,1.0081,1.0081,2.3528
kills,0.9232,1.1956,0.9961,0.7067,0.6968,0.9144,0.906,1.0102,0.9188,0.1628
opp_pts,1.0569,0.947,1.0642,1.063,1.0878,1.0585,1.0454,1.0407,1.0577,0.0422
win,0.7477,0.832,0.8067,0.8462,0.5502,0.6618,0.7778,0.6039,0.7627,0.1103
